ref,family,campaign_title,send_date,send_time,campaign_id,item_id,expanded_image
A01,"Reactivation Exp (Image PN, Scheme/FMCG)","Reactivation Exp (Image PN, Scheme/FMCG) 08:30 - Image PN",2026-07-18,08:30,13cm1qf,e398eea8-76d3-467b-a75f-ba0acb1cd2a8,https://images.kiranaclub.ai/widget3/July/1/751f1d95-09d6-43b1-a99d-9fcef5936826/1782907842144.webp
A02,"Reactivation Exp (Image PN, Scheme/FMCG)","Reactivation Exp (Image PN, Scheme/FMCG) 08:30 - Image PN",2026-07-19,08:30,~1ka90nd,c49ca000-6a48-4680-b69b-80028e26ffb9,https://images.kiranaclub.ai/widget3/July/1/74d6204f-a777-4431-b889-383cee3b705e/1782908436377.webp
A03,"Reactivation Exp (Image PN, Scheme/FMCG)","Reactivation Exp (Image PN, Scheme/FMCG) 08:30 - Image PN",2026-07-20,08:30,~214ro7o,a2fb2bb0-16f0-4043-8823-2547f2cf0cb4,https://images.kiranaclub.ai/widget3/July/1/82956942-28dc-4bb7-99d1-cb37bb6c1d16/1782909032585.webp
A04,"Reactivation Exp (Image PN, Scheme/FMCG)","Reactivation Exp (Image PN, Scheme/FMCG) 08:30 - Image PN",2026-07-21,08:30,2gs6qhn,78087899-3f7c-4877-8f64-be1323a58f96,https://images.kiranaclub.ai/widget3/July/2/30bed1d7-98b6-45e4-80e3-6b87e28a9314/1782983335839.webp
A05,"Reactivation Exp (Image PN, Scheme/FMCG)","Reactivation Exp (Image PN, Scheme/FMCG) 08:30 - Image PN",2026-07-22,08:30,2nf03i9,4feb6446-b639-4242-bfd2-f1cc8f700ced,https://images.kiranaclub.ai/widget3/July/2/b96a16a7-6ea2-43d6-8aee-aee7c9896600/1782983574193.webp
A06,"Reactivation Exp (Image PN, Scheme/FMCG)","Reactivation Exp (Image PN, Scheme/FMCG) 08:30 - Image PN",2026-07-23,08:30,3e48ljp,abeb6565-da43-4433-a726-e49020b65a32,https://images.kiranaclub.ai/widget3/July/2/64e3e322-8ef2-4dea-81d6-74bce2fdc23c/1782983787597.webp
A07,"Reactivation Exp (Image PN, Scheme/FMCG)","Reactivation Exp (Image PN, Scheme/FMCG) 08:30 - Image PN",2026-07-24,08:30,9fgoci,425260e9-e422-49d6-b403-49e06b9ae6da,https://images.kiranaclub.ai/widget3/July/2/5f144bd4-eb6b-45fc-ae3e-f5074f784f89/1782984077477.webp
A08,"Reactivation Exp (Image PN, Scheme/FMCG)","Reactivation Exp (Image PN, Scheme/FMCG) 08:30 - Image PN",2026-07-25,08:30,2snic3,c2e669c6-0990-45a6-bfa2-a99fdce03d24,https://images.kiranaclub.ai/widget3/July/2/42ebcc6c-5599-4c63-8cfc-4fb5b0972a79/1782984282150.webp
A09,"Reactivation Exp (Image PN, Scheme/FMCG)","Reactivation Exp (Image PN, Scheme/FMCG) 08:30 - Image PN",2026-07-27,08:30,~qd3oa8,03e56ac8-57c3-4c05-ba46-f21a94bda6ee,https://images.kiranaclub.ai/widget3/July/15/af4bdb33-7e60-4ef5-bc41-5ac7186cab8a/1784108500977.png
A10,"Reactivation Exp (Image PN, Scheme/FMCG)","Reactivation Exp (Image PN, Scheme/FMCG) 08:30 - Image PN",2026-07-28,08:30,cndbm2,835f64bf-0338-45fb-9475-7a5837ba9335,https://images.kiranaclub.ai/widget3/July/27/6edf827d-2afe-40be-99e1-17dca0884750/1785135835134.webp
A11,"Reactivation Exp (Image PN, Scheme/FMCG)","Reactivation Exp (Image PN, Scheme/FMCG) 08:30 - Image PN",2026-07-29,08:30,~2hfapsf,682f30be-b304-4623-af47-28fca4049bf0,https://images.kiranaclub.ai/widget3/July/27/d7698b41-1c51-4f3b-acdd-3bea5bba90e1/1785136197894.webp
A12,"Reactivation Exp (Image PN, Scheme/FMCG)","Reactivation Exp (Image PN, Scheme/FMCG) 08:30 - Image PN",2026-07-30,08:30,2gs6pe7,b8df6f23-c98a-4d06-86d6-57a68af2ca55,https://images.kiranaclub.ai/widget3/July/27/b4f68da5-1756-421d-9dbb-c9c4105e7fcf/1785140393402.webp
A13,"Reactivation Exp (Image PN, Scheme/FMCG)","Reactivation Exp (Image PN, Scheme/FMCG) 08:30 - Image PN",2026-07-31,08:30,1gf8cqh,68e31e07-5b17-4f5b-9bae-cfeb1b04a5d2,https://images.kiranaclub.ai/widget3/July/30/80207f9d-170b-498e-a373-b142074ee0de/1785389916555.webp
A14,"Reactivation Exp (Image PN, Scheme/FMCG)","Reactivation Exp (Image PN, Scheme/FMCG) 08:30 - Image PN",2026-08-01,08:30,20hnori,682f30be-b304-4623-af47-28fca4049bf0,https://images.kiranaclub.ai/widget3/July/30/ab7f837e-c784-46af-8a79-d92c224b51ef/1785438719227.webp
A15,"Reactivation Exp (Image PN, Scheme/FMCG)","Reactivation Exp (Image PN, Scheme/FMCG) 08:30 - Image PN",2026-08-02,08:30,~1dnfoni,d53353da-7256-42c7-a3fd-cd9047fbcff2,https://images.kiranaclub.ai/widget3/July/30/c0d9f9f4-4000-4aba-a626-d5c8571afd09/1785441340030.webp
A16,"Reactivation Exp (Image PN, Scheme/FMCG)","Reactivation Exp (Image PN, Scheme/FMCG) 08:30 - Image PN",2026-08-03,08:30,mi36c7,91b8fffa-16f2-4283-8adc-93c321f327d2,https://images.kiranaclub.ai/widget3/July/30/5f457a79-a2d2-42b2-bc98-3f3f75ec70ed/1785443634944.webp
A17,"Reactivation Exp (Image PN, Scheme/FMCG)","Reactivation Exp (Image PN, Scheme/FMCG) 08:30 - Image PN",2026-08-04,08:30,3e48kij,2520462b-f456-49a2-aa1a-b704bf900b79,https://images.kiranaclub.ai/widget3/July/30/1365e792-2202-4e32-8a32-7af4b6d41f3c/1785445968378.webp
A18,"Reactivation Exp (Image PN, Scheme/FMCG)","Reactivation Exp (Image PN, Scheme/FMCG) 08:30 - Image PN",2026-08-05,08:30,2k73e2a,b8df6f23-c98a-4d06-86d6-57a68af2ca55,https://images.kiranaclub.ai/widget3/July/16/7802b88a-34c5-4119-b5fc-8bc93bc230c0/1784197262348.png
A19,"Reactivation Exp (Image PN, Scheme/FMCG)","Reactivation Exp (Image PN, Scheme/FMCG) 08:30 - Image PN",2026-08-06,08:30,~2ashjo5,ae38dc9a-4d40-49b1-befe-a636f8e79c17,https://images.kiranaclub.ai/widget3/July/16/40fe46d2-2e1f-4747-88cb-0d1c16ca1920/1784200048944.webp
A20,"Reactivation Exp (Image PN, Scheme/FMCG)","Reactivation Exp (Image PN, Scheme/FMCG) 08:30 - Image PN",2026-08-07,08:30,~6no64m,f743b88e-988b-4526-bbab-58ffcf71fc46,https://images.kiranaclub.ai/widget3/July/16/645287e5-5e71-432b-bde6-1fe230dbf03a/1784199625560.png
A21,"Reactivation Exp (Image PN, Scheme/FMCG)","Reactivation Exp (Image PN, Scheme/FMCG) 08:30 - Image PN",2026-08-08,08:30,9fgnb4,2262078e-6c56-44e9-9dae-f914d8b16c1c,https://images.kiranaclub.ai/widget3/July/16/a5dceedc-94b3-4d2a-b3c5-cf2152618b71/1784201973460.webp
A22,"Reactivation Exp (Image PN, Scheme/FMCG)","Reactivation Exp (Image PN, Scheme/FMCG) 08:30 - Image PN",2026-08-09,08:30,2snha7,acc76314-f5fe-464f-8986-0a91914da0fa,https://images.kiranaclub.ai/widget3/July/16/3c95cad8-2611-4ca8-8036-86c5fb39bbaf/1784202110057.png
A23,"Reactivation Exp (Image PN, Scheme/FMCG)","Reactivation Exp (Image PN, Scheme/FMCG) 08:30 - Image PN",2026-08-10,08:30,9fgnal,c55d74a3-a38d-4ac6-858e-baf826a376b0,https://images.kiranaclub.ai/widget3/July/16/32e6fa38-2e04-467c-96f6-127fffaf95bb/1784203068795.webp
A24,"Reactivation Exp (Image PN, Scheme/FMCG)","Reactivation Exp (Image PN, Scheme/FMCG) 08:30 - Image PN",2026-08-11,08:30,1q9r7ea,488e0429-c25e-42c3-b772-9b208c19ac95,https://images.kiranaclub.ai/widget3/July/16/5725f28a-81be-41b6-a8fc-a9bba15c9cfa/1784204984324.webp
A25,"Reactivation Exp (Image PN, Scheme/FMCG)","Reactivation Exp (Image PN, Scheme/FMCG) 08:30 - Image PN",2026-08-12,08:30,3hc57f9,8fa00ffe-0999-4715-9854-0b67d343ac4e,https://images.kiranaclub.ai/widget3/August/6/230ac9a6-a273-481f-b8ee-9f6ba214da8f/1786021761586.webp
A26,"Reactivation Exp (Image PN, Scheme/FMCG)","Reactivation Exp (Image PN, Scheme/FMCG) 08:30 - Image PN",2026-08-13,08:30,37hfd01,a20bbfa9-3a91-45a5-b519-b43559d44d9f,https://images.kiranaclub.ai/widget3/August/6/1d0b92b5-b8ff-4381-a744-454f41a52485/1786022576875.webp
A27,"Reactivation Exp (Image PN, Scheme/FMCG)","Reactivation Exp (Image PN, Scheme/FMCG) 08:30 - Image PN",2026-08-14,08:30,3apc1en,a60a32e8-bfa7-41bd-a50d-29c2087fa67f,https://images.kiranaclub.ai/widget3/August/6/750ea8df-8719-4e45-8f24-b6a48e234fd2/1786023200118.webp
A28,"Reactivation Exp (Image PN, Scheme/FMCG)","Reactivation Exp (Image PN, Scheme/FMCG) 08:30 - Image PN",2026-08-15,08:30,9fglm9,8ed75268-e7d8-498d-993b-41292b574aa5,https://images.kiranaclub.ai/widget3/August/7/cb783cdc-eb1c-44d5-8761-6bb7bb2d428e/1786090034509.webp
A29,"Reactivation Exp (Image PN, Scheme/FMCG)","Reactivation Exp (Image PN, Scheme/FMCG) 08:30 - Image PN",2026-08-16,08:30,1gf8ami,d63e539c-539b-48d8-ab73-e4fc050e04a4,https://images.kiranaclub.ai/widget3/July/21/a27e9ac3-be18-4777-9ef8-e5c9f20dbeca/1784634958050.webp
A30,"Reactivation Exp (Image PN, Scheme/FMCG)","Reactivation Exp (Image PN, Scheme/FMCG) 08:30 - Image PN",2026-08-16,20:30,~a2komh,ae38dc9a-4d40-49b1-befe-a636f8e79c17,https://images.kiranaclub.ai/widget3/July/16/40fe46d2-2e1f-4747-88cb-0d1c16ca1920/1784200048944.webp
A31,"Reactivation Exp (Image PN, Scheme/FMCG)","Reactivation Exp (Image PN, Scheme/FMCG) 08:30 - Image PN",2026-08-17,08:30,~1afj9d2,cb52ff77-32d0-49d8-ab18-211bb9ca08f0,https://images.kiranaclub.ai/widget3/July/21/15854699-94ab-4b0c-aa84-1b02a4af877f/1784635665163.webp
A32,"Reactivation Exp (Image PN, Scheme/FMCG)","Reactivation Exp (Image PN, Scheme/FMCG) 08:30 - Image PN",2026-08-18,08:30,~1h2cfdh,e9a0793d-8bb9-4a52-bb25-b324c3a889df,https://images.kiranaclub.ai/widget3/July/21/b3730edb-0fca-456c-afe3-98366672f64e/1784640266680.webp
B01,"Reactivation Exp (Image PN, Shop/Scheme/FMCG)","Reactivation Exp (Image PN, Shop/Scheme/FMCG) 13:30 - Image PN",2026-07-18,13:30,1d7bpiq,38758148-d67a-43db-8e33-047fe9cbea4d,https://images.kiranaclub.ai/widget3/June/29/810df006-1afe-4e1b-820e-12a05b0a7726/1782740542288.webp
B02,"Reactivation Exp (Image PN, Shop/Scheme/FMCG)","Reactivation Exp (Image PN, Shop/Scheme/FMCG) 13:30 - Image PN",2026-07-19,13:30,~1dnfngo,c7ccbf0c-d8a1-4f47-a543-b96706123018,https://images.kiranaclub.ai/widget3/June/29/d35b9649-5dc7-403f-a6e6-d75212480bff/1782740231416.webp
B03,"Reactivation Exp (Image PN, Shop/Scheme/FMCG)","Reactivation Exp (Image PN, Shop/Scheme/FMCG) 13:30 - Image PN",2026-07-20,13:30,~1ni5i34,95974641-9e28-402e-a327-a4204bdce048,https://images.kiranaclub.ai/widget3/June/29/e0c0d308-ab20-4693-b23b-ae077215c0b6/1782740914588.webp
B04,"Reactivation Exp (Image PN, Shop/Scheme/FMCG)","Reactivation Exp (Image PN, Shop/Scheme/FMCG) 13:30 - Image PN",2026-07-22,13:30,1jn520m,32b8a11b-6fd1-41c2-8656-64926df51c69,https://images.kiranaclub.ai/widget3/July/7/66cddc5b-9a11-4d39-8e92-2465a3425ed1/1783423437976.webp
B05,"Reactivation Exp (Image PN, Shop/Scheme/FMCG)","Reactivation Exp (Image PN, Shop/Scheme/FMCG) 13:30 - Image PN",2026-07-23,13:30,37hff4b,c3311d4e-9d0a-4027-b5a6-bf88256d0999,https://images.kiranaclub.ai/widget3/July/7/c838920d-3c6a-4d45-badb-395ed8c4dc8b/1783424031314.webp
B06,"Reactivation Exp (Image PN, Shop/Scheme/FMCG)","Reactivation Exp (Image PN, Shop/Scheme/FMCG) 13:30 - Image PN",2026-07-24,13:30,~81shi,f2a3b7c4-a827-4420-aece-be350e377d89,https://images.kiranaclub.ai/widget3/July/7/2006d3ee-11ac-4cdb-a84c-f0854700baed/1783424714180.webp
B07,"Reactivation Exp (Image PN, Shop/Scheme/FMCG)","Reactivation Exp (Image PN, Shop/Scheme/FMCG) 13:30 - Image PN",2026-07-25,13:30,1n21jfl,3bb8e66a-5567-411a-9a4e-719346ebab70,https://images.kiranaclub.ai/widget3/July/7/bb16325b-7805-41db-9f96-c7049e4389d4/1783429496999.webp
B08,"Reactivation Exp (Image PN, Shop/Scheme/FMCG)","Reactivation Exp (Image PN, Shop/Scheme/FMCG) 13:30 - Image PN",2026-07-26,13:30,~214ron0,98051741-5bb9-4e3b-99c6-526434446ff8,https://images.kiranaclub.ai/widget3/July/7/3549d488-b72a-4fcb-a156-8c184d107700/1783429892268.webp
B09,"Reactivation Exp (Image PN, Shop/Scheme/FMCG)","Reactivation Exp (Image PN, Shop/Scheme/FMCG) 19:30 - Image PN",2026-07-27,19:30,~10l0ca2,df44890d-e4a4-4a51-9cc1-85893f1ecccc,https://images.kiranaclub.ai/widget3/July/9/96759f64-166a-4385-8b6a-6c00b0b578cc/1783583415688.webp
B10,"Reactivation Exp (Image PN, Shop/Scheme/FMCG)","Reactivation Exp (Image PN, Shop/Scheme/FMCG) 13:30 - Image PN",2026-07-27,13:30,1d7bose,9be45535-e7fa-4c2c-ba21-1988c5519405,https://images.kiranaclub.ai/widget3/July/7/1ebef671-8288-4657-acce-e477316fd50f/1783430196803.webp
B11,"Reactivation Exp (Image PN, Shop/Scheme/FMCG)","Reactivation Exp (Image PN, Shop/Scheme/FMCG) 13:30 - Image PN",2026-07-28,13:30,~jqahnn,41669953-06e7-4002-a262-bce14cde74bb,https://images.kiranaclub.ai/widget3/July/9/633e23c0-3334-44f2-bb0d-8682c495c908/1783582951398.webp
B12,"Reactivation Exp (Image PN, Shop/Scheme/FMCG)","Reactivation Exp (Image PN, Shop/Scheme/FMCG) 13:30 - Image PN",2026-07-28,13:30,~1afj6le,9be45535-e7fa-4c2c-ba21-1988c5519405,https://images.kiranaclub.ai/widget3/July/7/1ebef671-8288-4657-acce-e477316fd50f/1783430196803.webp
B13,"Reactivation Exp (Image PN, Shop/Scheme/FMCG)","Reactivation Exp (Image PN, Shop/Scheme/FMCG) 13:30 - Image PN",2026-07-29,13:30,~1qq27c4,aa194dde-d610-4071-a870-e462a83bcbd4,https://images.kiranaclub.ai/widget3/July/28/a27e3f7d-7cda-4d92-9b1a-dcfde0f2df99/1785232695142.webp
B14,"Reactivation Exp (Image PN, Shop/Scheme/FMCG)","Reactivation Exp (Image PN, Shop/Scheme/FMCG) 13:30 - Image PN",2026-07-31,13:30,~1h2ccpf,79efd556-f80a-40a5-8d92-da0743056792,https://images.kiranaclub.ai/widget3/July/30/6feb61ed-bca4-4412-9a66-5636bb40adec/1785394566631.webp
B15,"Reactivation Exp (Image PN, Shop/Scheme/FMCG)","Reactivation Exp (Image PN, Shop/Scheme/FMCG) 13:30 - Image PN",2026-08-01,13:30,37hff03,90211aaa-06bb-40d4-b894-7f542c271d42,https://images.kiranaclub.ai/widget3/July/30/45874d8b-832d-490e-a591-b0edada8551e/1785439097260.webp
B16,"Reactivation Exp (Image PN, Shop/Scheme/FMCG)","Reactivation Exp (Image PN, Shop/Scheme/FMCG) 13:30 - Image PN",2026-08-02,13:30,~27kl1r1,3dd0aeda-2a99-4a44-854f-3616a2fdc0ad,https://images.kiranaclub.ai/widget3/July/30/049c9dc8-9db8-499b-a1e1-16585b2d04b3/1785441581675.webp
B17,"Reactivation Exp (Image PN, Shop/Scheme/FMCG)","Reactivation Exp (Image PN, Shop/Scheme/FMCG) 13:30 - Image PN",2026-08-03,13:30,2k73edb,0b255a10-8c66-4081-acea-ef51df5c3e7b,https://images.kiranaclub.ai/widget3/July/30/d7313126-b7d3-439b-b463-b8f64172c27a/1785443814108.webp
B18,"Reactivation Exp (Image PN, Shop/Scheme/FMCG)","Reactivation Exp (Image PN, Shop/Scheme/FMCG) 13:30 - Image PN",2026-08-04,13:30,2gs6prj,4f11cb0f-c0f0-4652-9625-ae01e45d49cf,https://images.kiranaclub.ai/widget3/July/30/d1282db0-fa8f-42af-992b-6da853818bd3/1785446675813.webp
B19,"Reactivation Exp (Image PN, Shop/Scheme/FMCG)","Reactivation Exp (Image PN, Shop/Scheme/FMCG) 13:30 - Image PN",2026-08-06,13:30,1jn517g,229155ae-12b5-4b42-a7b9-7b3f1fe2cbf6,https://images.kiranaclub.ai/widget3/July/27/5994b9ed-89a7-4f7a-a5f4-98d6192d61e9/1785156000911.webp
B20,"Reactivation Exp (Image PN, Shop/Scheme/FMCG)","Reactivation Exp (Image PN, Shop/Scheme/FMCG) 13:30 - Image PN",2026-08-07,13:30,1n21im9,e75ead4c-1143-4aff-aabc-27466c9b0c0a,https://images.kiranaclub.ai/widget3/July/27/6822e7f3-5551-47bf-b337-eb394199c222/1785157067790.webp
B21,"Reactivation Exp (Image PN, Shop/Scheme/FMCG)","Reactivation Exp (Image PN, Shop/Scheme/FMCG) 13:30 - Image PN",2026-08-08,13:30,1d7bo71,e441f9df-d9aa-473f-93eb-e4f43503db0a,https://images.kiranaclub.ai/widget3/July/17/f91cc993-e7c4-4417-a896-108de5f2d67c/1784290577243.webp
B22,"Reactivation Exp (Image PN, Shop/Scheme/FMCG)","Reactivation Exp (Image PN, Shop/Scheme/FMCG) 13:30 - Image PN",2026-08-09,13:30,1gf8cln,31b13671-db4b-4e77-b0c2-f76a1b812466,https://images.kiranaclub.ai/widget3/July/17/5ce9218a-7396-45d8-853f-98d15ff225ed/1784291468104.webp
B23,"Reactivation Exp (Image PN, Shop/Scheme/FMCG)","Reactivation Exp (Image PN, Shop/Scheme/FMCG) 13:30 - Image PN",2026-08-10,13:30,~1h2cdec,ce80491f-c06d-41ac-aa90-2a987d872347,https://images.kiranaclub.ai/widget3/July/17/65c951ed-d3a9-4825-b5b4-6c2e94b5428e/1784293002323.webp
B24,"Reactivation Exp (Image PN, Shop/Scheme/FMCG)","Reactivation Exp (Image PN, Shop/Scheme/FMCG) 13:30 - Image PN",2026-08-11,13:30,~2ra0kl5,290746bb-5bfd-4a9c-bd22-5425b817a7ee,https://images.kiranaclub.ai/widget3/July/20/15572a70-dc94-4db6-a20c-b1da49a7b549/1784548622378.webp
B25,"Reactivation Exp (Image PN, Shop/Scheme/FMCG)","Reactivation Exp (Image PN, Shop/Scheme/FMCG) 13:30 - Image PN",2026-08-12,13:30,~3bcg3m6,378b3d71-a556-41a1-83a9-0e3431327fed,https://images.kiranaclub.ai/widget3/July/20/7b6732d2-91e2-42b4-82d9-b22839d02089/1784548936033.webp
B26,"Reactivation Exp (Image PN, Shop/Scheme/FMCG)","Reactivation Exp (Image PN, Shop/Scheme/FMCG) 13:30 - Image PN",2026-08-13,13:30,mi34na,cf8b31da-f791-4fb1-8220-5cee09d0b3f1,https://images.kiranaclub.ai/widget3/August/6/a5e20dd1-5bf0-4df3-a1de-05be8c5e783c/1786019880015.webp
B27,"Reactivation Exp (Image PN, Shop/Scheme/FMCG)","Reactivation Exp (Image PN, Shop/Scheme/FMCG) 13:30 - Image PN",2026-08-14,13:30,ppsm93,ea0fa150-5223-4e26-a3c1-ea803394c0bd,https://images.kiranaclub.ai/widget3/August/6/f001ed12-54d4-417c-ad08-db84693fe9a8/1786020044590.webp
B28,"Reactivation Exp (Image PN, Shop/Scheme/FMCG)","Reactivation Exp (Image PN, Shop/Scheme/FMCG) 13:30 - Image PN",2026-08-15,13:30,g29rmo,d6ae0c9b-4791-41c0-8f0b-ed2bc5fced2e,https://images.kiranaclub.ai/widget3/August/6/1780725c-90c5-49fd-b923-420413008c2c/1786020180952.webp
B29,"Reactivation Exp (Image PN, Shop/Scheme/FMCG)","Reactivation Exp (Image PN, Shop/Scheme/FMCG) 13:30 - Image PN",2026-08-16,13:30,2nf00aq,7ce8f55a-114e-40ed-b33c-9d0dd03a7992,https://images.kiranaclub.ai/widget3/July/28/ea7bd0be-c6b0-4f90-b4cb-3232b0241a32/1785220742419.webp
B30,"Reactivation Exp (Image PN, Shop/Scheme/FMCG)","Reactivation Exp (Image PN, Shop/Scheme/FMCG) 13:30 - Image PN",2026-08-18,13:30,3apc0qk,585f60d2-0194-4291-bd01-e73e3c81467e,https://images.kiranaclub.ai/widget3/July/29/009e9cb8-53d1-4e3d-8985-e1a7d7b662e9/1785322558039.webp
C01,"Reactivation Exp (Image PN, Shop Tips)","Reactivation Exp (Image PN, Shop Tips) 19:30 - Image PN",2026-07-18,19:30,67k6k6,c96b9b34-70d3-4fab-9652-20e8b38768c8,https://images.kiranaclub.ai/widget3/July/3/9b9a9b3c-5c64-4213-90f2-bb096dfd7ec2/1783067711652.webp
C02,"Reactivation Exp (Image PN, Shop Tips)","Reactivation Exp (Image PN, Shop Tips) 19:30 - Image PN",2026-07-19,19:30,~214rods,6e8a1fab-1070-4796-b7c7-209b28ff3423,https://images.kiranaclub.ai/widget3/July/3/f9da402b-fbba-4ad3-b6da-314801b7bd12/1783068037990.webp
C03,"Reactivation Exp (Image PN, Shop Tips)","Reactivation Exp (Image PN, Shop Tips) 19:30 - Image PN",2026-07-20,19:30,~jqahap,5cf157af-b240-490f-baec-b926b78a089e,https://images.kiranaclub.ai/widget3/July/3/36c3a5b4-f017-4d5b-9f15-26d7dedf51be/1783068392398.webp
C04,"Reactivation Exp (Image PN, Shop Tips)","Reactivation Exp (Image PN, Shop Tips) 19:30 - Image PN",2026-07-21,19:30,ppsoll,651feda0-20e3-46d2-bc14-62e315fef893,https://images.kiranaclub.ai/widget3/July/3/7d163ac6-739f-49de-8bcc-dca5e48a227c/1783068729580.webp
C05,"Reactivation Exp (Image PN, Shop Tips)","Reactivation Exp (Image PN, Shop Tips) 19:30 - Image PN",2026-07-22,19:30,37hffcj,209166a2-90b6-4ab4-8d74-28938256afe4,https://images.kiranaclub.ai/widget3/July/3/82b87b4d-dbe5-4e31-8d6b-1cba3238cad3/1783069300834.webp
C06,"Reactivation Exp (Image PN, Shop Tips)","Reactivation Exp (Image PN, Shop Tips) 19:30 - Image PN",2026-07-23,19:30,104pd7l,592e2331-7af9-4384-bebf-669f21961fdd,https://images.kiranaclub.ai/widget3/July/3/fac4cad5-5351-4b55-8427-5471eb198d27/1783069710443.webp
C07,"Reactivation Exp (Image PN, Shop Tips)","Reactivation Exp (Image PN, Shop Tips) 19:30 - Image PN",2026-07-24,19:30,~34pmpga,62102c85-de6b-42aa-aeb7-c613d54145a5,https://images.kiranaclub.ai/widget3/July/3/493bfe6d-1411-492d-9c0b-a0defe62f5c8/1783070170099.webp
C08,"Reactivation Exp (Image PN, Shop Tips)","Reactivation Exp (Image PN, Shop Tips) 19:30 - Image PN",2026-07-25,19:30,~34pmpgb,74c42b21-d048-4654-8ea0-66915721cced,https://images.kiranaclub.ai/widget3/July/3/df10357e-e935-4517-b1e8-51efb929a6a2/1783070997780.webp
C09,"Reactivation Exp (Image PN, Shop Tips)","Reactivation Exp (Image PN, Shop Tips) 19:30 - Image PN",2026-07-26,19:30,~6no5mn,09ab4ad7-76b8-4c41-ba3e-27c6e25c990b,https://images.kiranaclub.ai/widget3/July/9/0ec35caa-cc51-473d-a8ea-76b1066ea53f/1783584023982.webp
C10,"Reactivation Exp (Image PN, Shop Tips)","Reactivation Exp (Image PN, Shop Tips) 19:30 - Image PN",2026-07-28,19:30,~2ashjd1,94a43f6b-7498-49e8-a270-e5e1e5a58cc6,https://images.kiranaclub.ai/widget3/July/28/1dc9370a-96b2-490c-965c-9160ca9e3d36/1785229286730.webp
C11,"Reactivation Exp (Image PN, Shop Tips)","Reactivation Exp (Image PN, Shop Tips) 19:30 - Image PN",2026-07-29,19:30,349iqe4,88d2e9f4-a09f-47bc-a88a-745e02f1c443,https://images.kiranaclub.ai/widget3/July/28/c41ab18e-4729-4d2b-af60-5406fdb974ca/1785232236412.webp
C12,"Reactivation Exp (Image PN, Shop Tips)","Reactivation Exp (Image PN, Shop Tips) 19:30 - Image PN",2026-07-30,19:30,~13sq0oj,7cbabfdb-d600-435a-99d7-b87f028c2753,https://images.kiranaclub.ai/widget3/July/28/aacc36a6-6ea3-475f-83b8-b3bd93eded80/1785236644861.webp
C13,"Reactivation Exp (Image PN, Shop Tips)","Reactivation Exp (Image PN, Shop Rakshabandhan Tips) 13:30 - Image PN",2026-07-30,13:30,3hc59f2,987db043-5d75-44f9-a1d7-9b17c27b2fc7,https://images.kiranaclub.ai/widget3/July/28/34ec50f0-c599-41e8-ac2b-0545f24ad180/1785235257782.webp
C14,"Reactivation Exp (Image PN, Shop Tips)","Reactivation Exp (Image PN, Shop Tips) 19:30 - Image PN",2026-07-31,19:30,2dka8ci,633e6aca-674b-4ed9-9810-7de01cb3dbca,https://images.kiranaclub.ai/widget3/July/30/2c5d222e-e793-4050-8e79-94e9ffee48ac/1785392148076.webp
C15,"Reactivation Exp (Image PN, Shop Tips)","Reactivation Exp (Image PN, Shop Tips) 19:30 - Image PN",2026-08-01,19:30,104pcnm,148efced-952f-4c0d-8a5b-6c2829038005,https://images.kiranaclub.ai/widget3/July/30/18d61313-6fad-4f52-8e6c-f3bb2f61ece2/1785440828597.webp
C16,"Reactivation Exp (Image PN, Shop Tips)","Reactivation Exp (Image PN, Shop Tips) 19:30 - Image PN",2026-08-02,19:30,~1afj6pc,f20f2d41-1f65-49e3-b66c-fd95bdd4f933,https://images.kiranaclub.ai/widget3/July/30/5e4108f8-9fe1-4e58-b45d-53ee953bf8d6/1785443117762.webp
C17,"Reactivation Exp (Image PN, Shop Tips)","Reactivation Exp (Image PN, Shop Tips) 19:30 - Image PN",2026-08-03,19:30,~a2kn8h,3954d8fa-62f0-4fc2-8e3b-4f01bc9047e4,https://images.kiranaclub.ai/widget3/July/30/a58a4531-3398-424d-9aec-afacfc2dc1d9/1785445741209.webp
C18,"Reactivation Exp (Image PN, Shop Tips)","Reactivation Exp (Image PN, Shop Tips) 19:30 - Image PN",2026-08-04,19:30,~10l0ca3,505e0b10-8922-413b-8851-a0c918501b32,https://images.kiranaclub.ai/widget3/July/30/375e5964-67c5-48dc-a833-84bbfd69b063/1785448521661.webp
C19,"Reactivation Exp (Image PN, Shop Tips)","Reactivation Exp (Image PN, Shop Tips - July August) 13:30 - Image PN",2026-08-05,13:30,~81sls,a5f9500c-12ed-4ba5-aa73-e76fc9acec70,https://images.kiranaclub.ai/widget3/July/9/fcac0ea2-f9a4-4da8-bcb3-93848de3d685/1783579503274.webp
C20,"Reactivation Exp (Image PN, Shop Tips)","Reactivation Exp (Image PN, Shop Tips) 19:30 - Image PN",2026-08-06,19:30,~10l0cri,7ce8f55a-114e-40ed-b33c-9d0dd03a7992,https://images.kiranaclub.ai/widget3/July/17/bad5d51a-b00e-4518-becd-a26a3ecde2e1/1784293890481.webp
C21,"Reactivation Exp (Image PN, Shop Tips)","Reactivation Exp (Image PN, Shop Tips) 19:30 - Image PN",2026-08-07,19:30,~177mis4,fde66b52-bcfb-4b82-a1ec-0d82369acbd4,https://images.kiranaclub.ai/widget3/July/17/a28b417b-48bc-458e-bf02-c998257232df/1784294431123.webp
C22,"Reactivation Exp (Image PN, Shop Tips)","Reactivation Exp (Image PN, Shop Tips) 19:30 - Image PN",2026-08-08,19:30,~gie0qh,30aad378-2beb-45f8-813e-2ab402f913ab,https://images.kiranaclub.ai/widget3/July/20/f7bc1ada-1df4-47e8-b60f-b46d0f2b317a/1784530168616.webp
C23,"Reactivation Exp (Image PN, Shop Tips)","Reactivation Exp (Image PN, Shop Tips) 19:30 - Image PN",2026-08-09,19:30,~n576r3,585f60d2-0194-4291-bd01-e73e3c81467e,https://images.kiranaclub.ai/widget3/July/20/e61a6331-6904-4b4d-bf0c-79d2aebb5e0b/1784530451523.webp
C24,"Reactivation Exp (Image PN, Shop Tips)","Reactivation Exp (Image PN, Shop Tips) 19:30 - Image PN",2026-08-10,19:30,~jqaica,d77ddce5-e4dc-45db-af05-6e18580bde6c,https://images.kiranaclub.ai/widget3/July/20/9ad48dda-adb0-4809-96ab-3eb91e38cb79/1784530712195.webp
C25,"Reactivation Exp (Image PN, Shop Tips)","Reactivation Exp (Image PN, Shop Tips - Festivals products 2026) 19:30 - Image PN",2026-08-11,19:30,~34pmqlk,a17864ae-96b7-4d25-8762-cc1e1fd12ac4,https://images.kiranaclub.ai/widget3/July/28/43f0cc5f-7dd9-455e-8f7d-6cdfb2f7f6d0/1785217419661.webp
C26,"Reactivation Exp (Image PN, Shop Tips)","Reactivation Exp (Image PN, Shop Tips) 19:30 - Image PN",2026-08-12,19:30,1n21hbq,8f6989e8-792f-4579-b0aa-b03c68f59581,https://images.kiranaclub.ai/widget3/August/6/d74df7e5-5322-43fe-8704-f4f6aea2adbe/1786012981501.webp
C27,"Reactivation Exp (Image PN, Shop Tips)","Reactivation Exp (Image PN, Shop Tips) 19:30 - Image PN",2026-08-13,19:30,1d7bmpi,13b75bbb-0ae4-4a4c-9882-f45fa2f77069,https://images.kiranaclub.ai/widget3/August/6/7656ccc6-b09a-46a5-b127-3c6cc0863fe5/1786013686092.webp
C28,"Reactivation Exp (Image PN, Shop Tips)","Reactivation Exp (Image PN, Shop Tips) 19:30 - Image PN",2026-08-14,19:30,1gf8bbb,f48ffdef-a2d1-4f2a-a0a0-a8de42e76cfd,https://images.kiranaclub.ai/widget3/August/6/de4f50e0-05c7-4575-bda8-902fa4fa2b49/1786014571377.webp
C29,"Reactivation Exp (Image PN, Shop Tips)","Reactivation Exp (Image PN, Shop Tips) 19:30 - Image PN",2026-08-15,19:30,~1dnfqa2,7d135c71-5497-4719-8b92-320f9fe1fd45,https://images.kiranaclub.ai/widget3/August/6/1c6b2d70-69e7-4b35-a556-158cf7fa7f81/1786014925151.webp
C30,"Reactivation Exp (Image PN, Shop Tips)","Reactivation Exp (Image PN, Shop Tips) 19:30 - Image PN",2026-08-16,19:30,~27kl4f7,e441f9df-d9aa-473f-93eb-e4f43503db0a,https://images.kiranaclub.ai/widget3/July/17/f91cc993-e7c4-4417-a896-108de5f2d67c/1784290577243.webp
C31,"Reactivation Exp (Image PN, Shop Tips)","Reactivation Exp (Image PN, Shop Tips) 13:30 - Image PN",2026-08-17,13:30,274gso3,fde66b52-bcfb-4b82-a1ec-0d82369acbd4,https://images.kiranaclub.ai/widget3/July/28/af5b076a-faa4-4c6c-89ef-07e8e52c56e1/1785223545528.webp
C32,"Reactivation Exp (Image PN, Shop Tips)","Reactivation Exp (Image PN, Shop Tips) 19:30 - Image PN",2026-08-17,19:30,37hfcbr,30aad378-2beb-45f8-813e-2ab402f913ab,https://images.kiranaclub.ai/widget3/July/28/cc89aeea-4742-48df-b2d7-d20fdad4e4eb/1785227142811.webp
C33,"Reactivation Exp (Image PN, Shop Tips)","Reactivation Exp (Image PN, Shop Tips) 19:30 - Image PN",2026-08-18,19:30,9fgl56,d77ddce5-e4dc-45db-af05-6e18580bde6c,https://images.kiranaclub.ai/widget3/July/29/7844b1d9-2f94-4029-b3ab-691c92ee1d89/1785325391764.webp
D01,"DAU Sticky (Image PN, Scheme/FMCG)","DAU Sticky (Image PN, Scheme/FMCG) Image PN",2026-07-18,09:30,~n5768f,77636605-f91d-4227-bc7d-da01b455111a,https://images.kiranaclub.ai/widget3/July/1/3b61f98c-37f8-4467-9bed-f617d30081fa/1782904333635.webp
D02,"DAU Sticky (Image PN, Scheme/FMCG)","DAU Sticky (Image PN, Scheme/FMCG) Image PN",2026-07-21,09:30,1n21jc5,6d0d800f-4d21-4de6-9b01-34a2f9f35e5c,https://images.kiranaclub.ai/widget3/July/1/0265439e-ed4c-4891-b307-c5a91380816b/1782904648993.webp
D03,"DAU Sticky (Image PN, Scheme/FMCG)","DAU Sticky (Image PN, Scheme/FMCG) Image PN",2026-07-23,09:30,3e48l1g,aafbbe25-ee84-4888-805d-2c72ddfb8784,https://images.kiranaclub.ai/widget3/July/1/2a2cd770-1786-47db-80e0-a67230c00fe1/1782904988575.webp
D04,"DAU Sticky (Image PN, Scheme/FMCG)","DAU Sticky (Image PN, Scheme/FMCG) Image PN",2026-07-25,09:30,~1ni5i93,11832573-6daf-426f-8bb6-223e97c777bd,https://images.kiranaclub.ai/widget3/July/1/b48c26a6-be0c-47c3-a29f-aa2642550826/1782905741010.webp
D05,"DAU Sticky (Image PN, Scheme/FMCG)","DAU Sticky (Image PN, Scheme/FMCG) 20:30 - Image PN",2026-07-26,20:30,274h222,0d373229-8bec-4efb-9d50-af30a7265a4d,https://images.kiranaclub.ai/widget3/July/1/f784bd38-aba4-4e66-9213-d80416bed84f/1782906510500.webp
D06,"DAU Sticky (Image PN, Scheme/FMCG)","DAU Sticky (Image PN, Scheme/FMCG) 19:30 - Image PN",2026-07-27,20:30,~dahc44,70bf4d89-586b-4106-b757-a8b4014c55cf,https://images.kiranaclub.ai/widget3/July/1/c8b25fae-a77d-45b9-95a7-09775c6fdb81/1782906871970.webp
D07,"DAU Sticky (Image PN, Scheme/FMCG)","DAU Sticky (Image PN, Scheme/FMCG) 09:30 - Image PN",2026-07-30,09:30,~n576jl,e398eea8-76d3-467b-a75f-ba0acb1cd2a8,https://images.kiranaclub.ai/widget3/July/1/751f1d95-09d6-43b1-a99d-9fcef5936826/1782907842144.webp
D08,"DAU Sticky (Image PN, Scheme/FMCG)","DAU Sticky (Image PN, Scheme/FMCG) 20:30 - Image PN",2026-07-31,20:30,1gf8d05,c49ca000-6a48-4680-b69b-80028e26ffb9,https://images.kiranaclub.ai/widget3/July/1/74d6204f-a777-4431-b889-383cee3b705e/1782908436377.webp
D09,"DAU Sticky (Image PN, Scheme/FMCG)","DAU Sticky (Image PN, Scheme/FMCG) 09:30 - Image PN",2026-08-02,09:30,2acdjgc,a2fb2bb0-16f0-4043-8823-2547f2cf0cb4,https://images.kiranaclub.ai/widget3/July/1/82956942-28dc-4bb7-99d1-cb37bb6c1d16/1782909032585.webp
D10,"DAU Sticky (Image PN, Scheme/FMCG)","DAU Sticky (Image PN, Scheme/FMCG) 09:30 - Image PN",2026-08-03,09:30,~1h2ceah,835f64bf-0338-45fb-9475-7a5837ba9335,https://images.kiranaclub.ai/widget3/July/27/6edf827d-2afe-40be-99e1-17dca0884750/1785135835134.webp
D11,"DAU Sticky (Image PN, Scheme/FMCG)","DAU Sticky (Image PN, Scheme/FMCG) 09:30 - Image PN",2026-08-04,09:30,~a2kom8,682f30be-b304-4623-af47-28fca4049bf0,https://images.kiranaclub.ai/widget3/July/27/d7698b41-1c51-4f3b-acdd-3bea5bba90e1/1785136197894.webp
D12,"DAU Sticky (Image PN, Scheme/FMCG)","DAU Sticky (Image PN, Scheme/FMCG) 20:30 - Image PN",2026-08-05,20:30,~1qq28ps,b8df6f23-c98a-4d06-86d6-57a68af2ca55,https://images.kiranaclub.ai/widget3/July/27/b4f68da5-1756-421d-9dbb-c9c4105e7fcf/1785140393402.webp
D13,"DAU Sticky (Image PN, Scheme/FMCG)","DAU Sticky (Image PN, Scheme/FMCG) 09:30 - Image PN",2026-08-07,09:30,1n21hq8,68e31e07-5b17-4f5b-9bae-cfeb1b04a5d2,https://images.kiranaclub.ai/widget3/July/30/80207f9d-170b-498e-a373-b142074ee0de/1785389916555.webp
D14,"DAU Sticky (Image PN, Scheme/FMCG)","DAU Sticky (Image PN, Scheme/FMCG) 20:30 - Image PN",2026-08-08,20:30,3hc5811,682f30be-b304-4623-af47-28fca4049bf0,https://images.kiranaclub.ai/widget3/July/30/ab7f837e-c784-46af-8a79-d92c224b51ef/1785438719227.webp
D15,"DAU Sticky (Image PN, Scheme/FMCG)","DAU Sticky (Image PN, Scheme/FMCG) 09:30 - Image PN",2026-08-10,09:30,~a2komf,d53353da-7256-42c7-a3fd-cd9047fbcff2,https://images.kiranaclub.ai/widget3/July/30/c0d9f9f4-4000-4aba-a626-d5c8571afd09/1785441340030.webp
D16,"DAU Sticky (Image PN, Scheme/FMCG)","DAU Sticky (Image PN, Scheme/FMCG) 20:30 - Image PN",2026-08-11,20:30,cndamm,91b8fffa-16f2-4283-8adc-93c321f327d2,https://images.kiranaclub.ai/widget3/July/30/5f457a79-a2d2-42b2-bc98-3f3f75ec70ed/1785443634944.webp
D17,"DAU Sticky (Image PN, Scheme/FMCG)","DAU Sticky (Image PN, Scheme/FMCG) 09:30 - Image PN",2026-08-13,09:30,~3frim1,2520462b-f456-49a2-aa1a-b704bf900b79,https://images.kiranaclub.ai/widget3/July/30/1365e792-2202-4e32-8a32-7af4b6d41f3c/1785445968378.webp
D18,"DAU Sticky (Image PN, Scheme/FMCG)","DAU Sticky (Image PN, Scheme/FMCG) 20:30 - Image PN",2026-08-14,20:30,~214rqbs,b8df6f23-c98a-4d06-86d6-57a68af2ca55,https://images.kiranaclub.ai/widget3/July/16/7802b88a-34c5-4119-b5fc-8bc93bc230c0/1784197262348.png
D19,"DAU Sticky (Image PN, Scheme/FMCG)","DAU Sticky (Image PN, Scheme/FMCG) 09:30 - Image PN",2026-08-17,09:30,~82179,f743b88e-988b-4526-bbab-58ffcf71fc46,https://images.kiranaclub.ai/widget3/July/16/645287e5-5e71-432b-bde6-1fe230dbf03a/1784199625560.png
D20,"DAU Sticky (Image PN, Scheme/FMCG)","DAU Sticky (Image PN, Scheme/FMCG) 20:30 - Image PN",2026-08-18,20:30,~3frim3,2262078e-6c56-44e9-9dae-f914d8b16c1c,https://images.kiranaclub.ai/widget3/July/16/a5dceedc-94b3-4d2a-b3c5-cf2152618b71/1784201973460.webp
E01,"DAU Sticky (Image PN, Shop Tips / Shop-Scheme-FMCG)","DAU Sticky (Image PN, Shop Tips) 20:30 - Image PN",2026-07-18,20:30,~24cod8s,0d036bd7-3217-438c-8549-7ccdacffa0f8,https://images.kiranaclub.ai/widget3/June/23/caf98200-ca9a-4bb6-9642-14e337f3a304/1782206456578.webp
E02,"DAU Sticky (Image PN, Shop Tips / Shop-Scheme-FMCG)","DAU Sticky (Image PN, Shop Tips) Image PN",2026-07-19,09:30,~qd3nn8,c966db31-113e-4086-8e05-4b99b80401b6,https://images.kiranaclub.ai/widget3/July/3/fcf36941-fb1f-47a1-8d3a-37fc73a88ca8/1783065662956.webp
E03,"DAU Sticky (Image PN, Shop Tips / Shop-Scheme-FMCG)","DAU Sticky (Image PN, Shop Tips) 20:30 - Image PN",2026-07-19,20:30,23pke0p,2fbedbdc-7cd3-4755-913a-3f4800544649,https://images.kiranaclub.ai/widget3/June/23/d6a21f6d-05ea-4970-baba-42b843d98ac1/1782206561388.webp
E04,"DAU Sticky (Image PN, Shop Tips / Shop-Scheme-FMCG)","DAU Sticky (Image PN, Shop/Scheme/FMCG) Image PN",2026-07-20,09:30,~1ka91ah,fffbcf46-164e-4111-b502-f26d145ac5d2,https://images.kiranaclub.ai/widget3/June/29/9ddd44be-dae7-427f-a944-64d1c24f127c/1782737168667.webp
E05,"DAU Sticky (Image PN, Shop Tips / Shop-Scheme-FMCG)","DAU Sticky (Image PN, Shop Tips) 20:30 - Image PN",2026-07-20,20:30,274h2fi,2e8369bc-054c-4750-9c98-21eb57939845,https://images.kiranaclub.ai/widget3/June/23/31dda962-2923-4445-8dc8-6d59467af58a/1782206661065.webp
E06,"DAU Sticky (Image PN, Shop Tips / Shop-Scheme-FMCG)","DAU Sticky (Image PN, Shop Tips) 20:30 - Image PN",2026-07-21,20:30,1q9r80a,b4e43e31-6cfb-409a-b2f6-1f0f3c1cc9ce,https://images.kiranaclub.ai/widget3/June/23/74d4cd9e-e747-4f72-95e5-c89ba4e94bd2/1782206760317.webp
E07,"DAU Sticky (Image PN, Shop Tips / Shop-Scheme-FMCG)","DAU Sticky (Image PN, Shop/Scheme/FMCG) Image PN",2026-07-22,09:30,g2a0no,fb38577a-be8e-49d2-beb8-310260282f8b,https://images.kiranaclub.ai/widget3/June/29/4e6a671a-b69d-42ea-a539-b9853ff7880d/1782737481100.webp
E08,"DAU Sticky (Image PN, Shop Tips / Shop-Scheme-FMCG)","DAU Sticky (Image PN, Shop Tips) 20:30 - Image PN",2026-07-22,20:30,20hnpf3,e21cbeae-2830-487e-99a1-87e38c029db7,https://images.kiranaclub.ai/widget3/June/23/dd77d0cf-e435-4fc0-a08c-4b82a2dcc1dc/1782206865793.webp
E09,"DAU Sticky (Image PN, Shop Tips / Shop-Scheme-FMCG)","DAU Sticky (Image PN, Shop Tips) 19:30 - Image PN",2026-07-23,19:30,3e48krq,c7168ed7-9a63-4816-8293-2d67d79a2d66,https://images.kiranaclub.ai/widget3/June/4/f94f4b97-a56f-40cc-897f-c08b46f7500a/1780571004776.webp
E10,"DAU Sticky (Image PN, Shop Tips / Shop-Scheme-FMCG)","DAU Sticky (Image PN, Shop/Scheme/FMCG) Image PN",2026-07-24,20:30,~177mi9l,759c507b-4299-4d43-b82e-a7264136b4df,https://images.kiranaclub.ai/widget3/June/29/3051e832-d14b-4d12-a2a8-37e57b6a42b8/1782737740223.webp
E11,"DAU Sticky (Image PN, Shop Tips / Shop-Scheme-FMCG)","DAU Sticky (Image PN, Shop Tips) Image PN",2026-07-24,09:30,311m90f,875ae7b0-db88-4b5a-b527-8bfae0f8e07f,https://images.kiranaclub.ai/widget3/July/3/3d754f8f-a9d4-405b-be70-2c28715ae2cc/1783066497439.webp
E12,"DAU Sticky (Image PN, Shop Tips / Shop-Scheme-FMCG)","DAU Sticky (Image PN, Shop Tips) Image PN",2026-07-25,20:30,67k683,5d3a011d-88c7-4d03-9b82-e77cac7d8223,https://images.kiranaclub.ai/widget3/July/3/2bd27a4c-4795-4eb8-8654-6cac657b3fef/1783066836768.webp
E13,"DAU Sticky (Image PN, Shop Tips / Shop-Scheme-FMCG)","DAU Sticky (Image PN, Shop/Scheme/FMCG) 09:30 - Image PN",2026-07-26,09:30,1q9r7fn,9a4217b0-e519-4c36-8f27-9a94a6be862c,https://images.kiranaclub.ai/widget3/June/29/89e0862a-ec57-4858-a7c1-0efd0a237ffb/1782738383829.webp
E14,"DAU Sticky (Image PN, Shop Tips / Shop-Scheme-FMCG)","DAU Sticky (Image PN, Shop/Scheme/FMCG) 09:30 - Image PN",2026-07-27,09:30,~3ekckpi,155e4b40-7e25-43dc-9e15-da6190c2cdba,https://images.kiranaclub.ai/widget3/June/29/276267c4-9585-4632-91b8-69cc8142ad8d/1782738714329.webp
E15,"DAU Sticky (Image PN, Shop Tips / Shop-Scheme-FMCG)","DAU Sticky (Image PN, Shop Tips) 09:30 - Image PN",2026-07-27,09:30,~3bcg3ap,dbd4135e-f782-4969-8c57-9bfac7e6f4cf,https://images.kiranaclub.ai/widget3/July/13/77c28eeb-6c66-4a49-9e56-5679c5d8aecb/1783944811817.png
E16,"DAU Sticky (Image PN, Shop Tips / Shop-Scheme-FMCG)","DAU Sticky (Image PN, Shop Tips) 09:30 - Image PN",2026-07-27,09:30,3hc59s0,dbd4135e-f782-4969-8c57-9bfac7e6f4cf,https://images.kiranaclub.ai/widget3/July/3/459d3100-32a3-4bcc-ad21-113cd7d2ae32/1783067050709.webp
E17,"DAU Sticky (Image PN, Shop Tips / Shop-Scheme-FMCG)","DAU Sticky (Image PN, Shop/Scheme/FMCG) 20:30 - Image PN",2026-07-28,20:30,274h21m,1a3e3932-ed4f-415d-8283-5651253d4ef3,https://images.kiranaclub.ai/widget3/June/29/d9a58be7-7522-4eb3-bbeb-ab47f5e45fc8/1782739262048.webp
E18,"DAU Sticky (Image PN, Shop Tips / Shop-Scheme-FMCG)","DAU Sticky (Image PN, Shop Tips) 09:30 - Image PN",2026-07-28,09:30,2acdjgf,7c5fe71a-2b3f-4cc7-b172-0389d5cf8abc,https://images.kiranaclub.ai/widget3/July/3/6055f91d-1c2e-43a6-9ac4-47477290ff9c/1783067244177.webp
E19,"DAU Sticky (Image PN, Shop Tips / Shop-Scheme-FMCG)","DAU Sticky (Image PN, Shop/Scheme/FMCG) 19:30 - Image PN",2026-07-29,20:30,~384jepc,38758148-d67a-43db-8e33-047fe9cbea4d,https://images.kiranaclub.ai/widget3/June/29/810df006-1afe-4e1b-820e-12a05b0a7726/1782740542288.webp
E20,"DAU Sticky (Image PN, Shop Tips / Shop-Scheme-FMCG)","DAU Sticky (Image PN, Shop Tips) 09:30 - Image PN",2026-07-29,09:30,~2hfapnp,3bc0ccdb-1abb-4da9-8d75-ecf46e516dde,https://images.kiranaclub.ai/widget3/July/3/a24fc24a-e9bb-40e9-890a-ec3543451b46/1783067459851.webp
E21,"DAU Sticky (Image PN, Shop Tips / Shop-Scheme-FMCG)","DAU Sticky (Image PN, Shop Tips) 20:30 - Image PN",2026-07-30,20:30,~13sq160,c96b9b34-70d3-4fab-9652-20e8b38768c8,https://images.kiranaclub.ai/widget3/July/3/9b9a9b3c-5c64-4213-90f2-bb096dfd7ec2/1783067711652.webp
E22,"DAU Sticky (Image PN, Shop Tips / Shop-Scheme-FMCG)","DAU Sticky (Image PN, Shop/Scheme/FMCG) 09:30 - Image PN",2026-07-31,09:30,~1h2cd71,c7ccbf0c-d8a1-4f47-a543-b96706123018,https://images.kiranaclub.ai/widget3/June/29/d35b9649-5dc7-403f-a6e6-d75212480bff/1782740231416.webp
E23,"DAU Sticky (Image PN, Shop Tips / Shop-Scheme-FMCG)","DAU Sticky (Image PN, Shop/Scheme/FMCG) 20:30 - Image PN",2026-08-01,20:30,~gie0j8,95974641-9e28-402e-a327-a4204bdce048,https://images.kiranaclub.ai/widget3/June/29/e0c0d308-ab20-4693-b23b-ae077215c0b6/1782740914588.webp
E24,"DAU Sticky (Image PN, Shop Tips / Shop-Scheme-FMCG)","DAU Sticky (Image PN, Shop Tips) 09:30 - Image PN",2026-08-01,09:30,349iq3n,6e8a1fab-1070-4796-b7c7-209b28ff3423,https://images.kiranaclub.ai/widget3/July/3/f9da402b-fbba-4ad3-b6da-314801b7bd12/1783068037990.webp
E25,"DAU Sticky (Image PN, Shop Tips / Shop-Scheme-FMCG)","DAU Sticky (Image PN, Shop Tips) 20:30 - Image PN",2026-08-02,20:30,~3ekckq1,5cf157af-b240-490f-baec-b926b78a089e,https://images.kiranaclub.ai/widget3/July/3/36c3a5b4-f017-4d5b-9f15-26d7dedf51be/1783068392398.webp
E26,"DAU Sticky (Image PN, Shop Tips / Shop-Scheme-FMCG)","DAU Sticky (Image PN, Shop Tips) 20:30 - Image PN",2026-08-03,20:30,1d7bnap,94a43f6b-7498-49e8-a270-e5e1e5a58cc6,https://images.kiranaclub.ai/widget3/July/28/1dc9370a-96b2-490c-965c-9160ca9e3d36/1785229286730.webp
E27,"DAU Sticky (Image PN, Shop Tips / Shop-Scheme-FMCG)","DAU Sticky (Image PN, Shop/Scheme/FMCG) 20:30 - Image PN",2026-08-04,20:30,ppsmo1,aa194dde-d610-4071-a870-e462a83bcbd4,https://images.kiranaclub.ai/widget3/July/28/a27e3f7d-7cda-4d92-9b1a-dcfde0f2df99/1785232695142.webp
E28,"DAU Sticky (Image PN, Shop Tips / Shop-Scheme-FMCG)","DAU Sticky (Image PN, Shop Tips) 09:30 - Image PN",2026-08-05,09:30,~1h2ceaj,88d2e9f4-a09f-47bc-a88a-745e02f1c443,https://images.kiranaclub.ai/widget3/July/28/c41ab18e-4729-4d2b-af60-5406fdb974ca/1785232236412.webp
E29,"DAU Sticky (Image PN, Shop Tips / Shop-Scheme-FMCG)","DAU Sticky (Image PN, Shop Tips) 20:30 - Image PN",2026-08-06,20:30,20hnnqo,7cbabfdb-d600-435a-99d7-b87f028c2753,https://images.kiranaclub.ai/widget3/July/28/aacc36a6-6ea3-475f-83b8-b3bd93eded80/1785236644861.webp
E30,"DAU Sticky (Image PN, Shop Tips / Shop-Scheme-FMCG)","DAU Sticky (Image PN, Shop Rakshabandhan Tips) 09:30 - Image PN",2026-08-06,09:30,g29s8s,987db043-5d75-44f9-a1d7-9b17c27b2fc7,https://images.kiranaclub.ai/widget3/July/28/34ec50f0-c599-41e8-ac2b-0545f24ad180/1785235257782.webp
E31,"DAU Sticky (Image PN, Shop Tips / Shop-Scheme-FMCG)","DAU Sticky (Image PN, Shop/Scheme/FMCG) 20:30 - Image PN",2026-08-07,20:30,16kihae,79efd556-f80a-40a5-8d92-da0743056792,https://images.kiranaclub.ai/widget3/July/30/6feb61ed-bca4-4412-9a66-5636bb40adec/1785394566631.webp
E32,"DAU Sticky (Image PN, Shop Tips / Shop-Scheme-FMCG)","DAU Sticky (Image PN, Shop Tips) 09:30 - Image PN",2026-08-08,09:30,1q9r6c0,633e6aca-674b-4ed9-9810-7de01cb3dbca,https://images.kiranaclub.ai/widget3/July/30/2c5d222e-e793-4050-8e79-94e9ffee48ac/1785392148076.webp
E33,"DAU Sticky (Image PN, Shop Tips / Shop-Scheme-FMCG)","DAU Sticky (Image PN, Shop Tips) 20:30 - Image PN",2026-08-09,20:30,~2e7e9cr,148efced-952f-4c0d-8a5b-6c2829038005,https://images.kiranaclub.ai/widget3/July/30/18d61313-6fad-4f52-8e6c-f3bb2f61ece2/1785440828597.webp
E34,"DAU Sticky (Image PN, Shop Tips / Shop-Scheme-FMCG)","DAU Sticky (Image PN, Shop/Scheme/FMCG) 09:30 - Image PN",2026-08-09,09:30,2k73crs,90211aaa-06bb-40d4-b894-7f542c271d42,https://images.kiranaclub.ai/widget3/July/30/45874d8b-832d-490e-a591-b0edada8551e/1785439097260.webp
E35,"DAU Sticky (Image PN, Shop Tips / Shop-Scheme-FMCG)","DAU Sticky (Image PN, Shop/Scheme/FMCG) 20:30 - Image PN",2026-08-10,20:30,~1h2ceap,3dd0aeda-2a99-4a44-854f-3616a2fdc0ad,https://images.kiranaclub.ai/widget3/July/30/049c9dc8-9db8-499b-a1e1-16585b2d04b3/1785441581675.webp
E36,"DAU Sticky (Image PN, Shop Tips / Shop-Scheme-FMCG)","DAU Sticky (Image PN, Shop Tips) 09:30 - Image PN",2026-08-11,09:30,1d7bnah,f20f2d41-1f65-49e3-b66c-fd95bdd4f933,https://images.kiranaclub.ai/widget3/July/30/5e4108f8-9fe1-4e58-b45d-53ee953bf8d6/1785443117762.webp
E37,"DAU Sticky (Image PN, Shop Tips / Shop-Scheme-FMCG)","DAU Sticky (Image PN, Shop Tips) 20:30 - Image PN",2026-08-12,20:30,~27kl3cd,3954d8fa-62f0-4fc2-8e3b-4f01bc9047e4,https://images.kiranaclub.ai/widget3/July/30/a58a4531-3398-424d-9aec-afacfc2dc1d9/1785445741209.webp
E38,"DAU Sticky (Image PN, Shop Tips / Shop-Scheme-FMCG)","DAU Sticky (Image PN, Shop/Scheme/FMCG) 09:30 - Image PN",2026-08-12,09:30,~24coeqk,0b255a10-8c66-4081-acea-ef51df5c3e7b,https://images.kiranaclub.ai/widget3/July/30/d7313126-b7d3-439b-b463-b8f64172c27a/1785443814108.webp
E39,"DAU Sticky (Image PN, Shop Tips / Shop-Scheme-FMCG)","DAU Sticky (Image PN, Shop/Scheme/FMCG) 20:30 - Image PN",2026-08-13,20:30,274h0qp,4f11cb0f-c0f0-4652-9625-ae01e45d49cf,https://images.kiranaclub.ai/widget3/July/30/d1282db0-fa8f-42af-992b-6da853818bd3/1785446675813.webp
E40,"DAU Sticky (Image PN, Shop Tips / Shop-Scheme-FMCG)","DAU Sticky (Image PN, Shop Tips) 09:30 - Image PN",2026-08-14,09:30,23pkcc3,505e0b10-8922-413b-8851-a0c918501b32,https://images.kiranaclub.ai/widget3/July/30/375e5964-67c5-48dc-a833-84bbfd69b063/1785448521661.webp
E41,"DAU Sticky (Image PN, Shop Tips / Shop-Scheme-FMCG)","DAU Sticky (Image PN, Shop/Scheme/FMCG) 20:30 - Image PN",2026-08-15,20:30,~2ashkr7,229155ae-12b5-4b42-a7b9-7b3f1fe2cbf6,https://images.kiranaclub.ai/widget3/July/27/5994b9ed-89a7-4f7a-a5f4-98d6192d61e9/1785156000911.webp
E42,"DAU Sticky (Image PN, Shop Tips / Shop-Scheme-FMCG)","DAU Sticky (Image PN, Shop Tips -  August - September) 09:30 - Image PN",2026-08-15,09:30,~2e7e9d0,a5f9500c-12ed-4ba5-aa73-e76fc9acec70,https://images.kiranaclub.ai/widget3/July/9/fcac0ea2-f9a4-4da8-bcb3-93848de3d685/1783579503274.webp
E43,"DAU Sticky (Image PN, Shop Tips / Shop-Scheme-FMCG)","DAU Sticky (Image PN, Shop Tips) 09:30 - Image PN",2026-08-16,09:30,~3ekcm0o,7ce8f55a-114e-40ed-b33c-9d0dd03a7992,https://images.kiranaclub.ai/widget3/July/17/bad5d51a-b00e-4518-becd-a26a3ecde2e1/1784293890481.webp
E44,"DAU Sticky (Image PN, Shop Tips / Shop-Scheme-FMCG)","DAU Sticky (Image PN, Shop/Scheme/FMCG) 20:30 - Image PN",2026-08-17,20:30,~a2komi,e75ead4c-1143-4aff-aabc-27466c9b0c0a,https://images.kiranaclub.ai/widget3/July/27/6822e7f3-5551-47bf-b337-eb394199c222/1785157067790.webp
E45,"DAU Sticky (Image PN, Shop Tips / Shop-Scheme-FMCG)","DAU Sticky (Image PN, Shop Tips) 09:30 - Image PN",2026-08-18,09:30,~8217a,fde66b52-bcfb-4b82-a1ec-0d82369acbd4,https://images.kiranaclub.ai/widget3/July/17/a28b417b-48bc-458e-bf02-c998257232df/1784294431123.webp
Y01,Youtube Videos Image (Shop Tips - Duo Image),Youtube Videos Image (Shop Tips - Duo Image) 13:30,2026-08-07,13:30,~1h2cej5,592e2331-7af9-4384-bebf-669f21961fdd,https://images.kiranaclub.ai/widget3/August/5/bfebbaa8-137c-4772-8485-a1b383db4006/1785936307405.webp
Y02,Youtube Videos Image (Shop Tips - Duo Image),Youtube Videos Image (Shop Tips - Duo Image) 13:30,2026-08-08,13:30,~13sq2i4,db5663e0-c2ed-450b-98e7-71ecfb28f55d,https://images.kiranaclub.ai/widget3/August/6/9b17b605-50a1-4a37-8633-9b1a36846eb6/1785997782946.webp
Y03,Youtube Videos Image (Shop Tips - Duo Image),Youtube Videos Image (Shop Tips August Month Tips - Duo Image) 13:30,2026-08-09,13:30,~384jg8g,a1d5081b-1fb1-4e79-8df3-dc469d1b8be0,https://images.kiranaclub.ai/widget3/August/5/caf3c28d-a941-45f2-8c96-e28c45b2d49a/1785934538652.webp
Y04,Youtube Videos Image (Shop Tips - Duo Image),Youtube Videos Image (Shop Tips - Duo Image) 13:30,2026-08-10,13:30,~2ra0lm8,da3e7b21-eff3-4412-a458-d7ca3ad060b4,https://images.kiranaclub.ai/widget3/August/6/57b28d57-c4e3-48ba-b1ff-e141051ba57f/1785998207062.webp
Y05,Youtube Videos Image (Shop Tips - Duo Image),Youtube Videos Image (Shop Tips - Duo Image) 13:30,2026-08-11,13:30,23pkc3p,272d6f1d-a25a-49a1-a66f-fe32dd86a05e,https://images.kiranaclub.ai/widget3/August/6/c0c86554-be5b-45c5-8b09-15d467883181/1786001084026.webp
Y06,Youtube Videos Image (Shop Tips - Duo Image),Youtube Videos Image (Shop Tips - Duo Image) 13:30,2026-08-12,13:30,23pkbp6,005dc7e3-35b8-4603-84e5-546c68bdd5b0,https://images.kiranaclub.ai/widget3/August/6/a75fc7e7-fe9a-4505-9f6b-6204a2b02542/1786002519457.webp
Y07,Youtube Videos Image (Shop Tips - Duo Image),Youtube Videos Image (Shop Tips - Duo Image) 13:30,2026-08-13,13:30,~214rqrp,2e8369bc-054c-4750-9c98-21eb57939845,https://images.kiranaclub.ai/widget3/August/6/2dcee287-77ca-4a46-9113-be4a85a34109/1786003013412.webp
Y08,Youtube Videos Image (Shop Tips - Duo Image),Youtube Videos Image (Shop Tips - Duo Image) 13:30,2026-08-14,13:30,~24cofdi,e7d9ef5b-bbb7-4fb6-bc4c-8d71bc9baaa9,https://images.kiranaclub.ai/widget3/August/6/16366d4f-fb08-4b59-8548-663f6d5f3083/1786004125822.webp
